,token,filepath,fileformat
0,1,file,jpg
1,2,file,jpg
2,3,file,jpg
3,4,file,jpg
4,5,file,jpg
5,6,file,jpg
6,7,file,jpg
7,8,file,jpg
8,9,file,jpg
9,10,file,jpg
10,11,file,jpg
11,12,file,jpg
12,13,file,jpg
13,14,file,jpg
14,15,file,jpg
15,16,file,jpg
16,17,file,jpg
17,18,file,jpg
18,19,file,jpg
19,20,file,jpg
20,21,file,jpg
21,22,file,jpg
22,23,file,jpg
23,24,file,jpg
24,25,file,jpg
25,26,file,jpg
26,27,file,jpg
27,28,file,jpg
28,29,file,jpg
29,30,file,jpg
30,31,file,jpg
31,32,file,jpg
32,33,file,jpg
33,34,file,jpg
34,35,file,jpg
35,36,file,jpg
36,37,file,jpg
37,38,file,jpg
38,39,file,jpg
39,40,file,jpg
40,41,file,jpg
41,42,file,jpg
42,43,file,jpg
43,44,file,jpg
44,45,file,jpg
45,46,file,jpg
46,47,file,jpg
47,48,file,jpg
48,49,file,jpg
49,50,file,jpg
50,51,file,jpg
51,52,file,jpg
52,53,file,jpg
53,54,file,jpg
54,55,file,jpg
55,56,file,jpg
56,57,file,jpg
57,58,file,jpg
58,59,file,jpg
59,60,file,jpg
60,61,file,jpg
61,62,file,jpg
62,63,file,jpg
63,64,file,jpg
64,65,file,jpg
65,66,file,jpg
66,67,file,jpg
67,68,file,jpg
68,69,file,jpg
69,70,file,jpg
70,71,file,jpg
71,72,file,jpg
72,73,file,jpg
73,74,file,jpg
74,75,file,jpg
75,76,file,jpg
76,77,file,jpg
77,78,file,jpg
78,79,file,jpg
79,80,file,jpg
80,81,file,jpg
81,82,file,jpg
82,83,file,jpg
83,84,file,jpg
84,85,file,jpg
85,86,file,jpg
86,87,file,jpg
87,88,file,jpg
88,89,file,jpg
89,90,file,jpg
90,91,file,jpg
91,92,file,jpg
92,93,file,jpg
93,94,file,jpg
94,95,file,jpg
95,96,file,jpg
96,97,file,jpg
97,98,file,jpg
98,99,file,jpg
99,100,file,jpg
100,101,file,jpg
101,102,file,jpg
102,103,file,jpg
103,104,file,jpg
104,105,file,jpg
105,106,file,jpg
106,107,file,jpg
107,108,file,jpg
108,109,file,jpg
109,110,file,jpg
110,111,file,jpg
111,112,file,jpg
112,113,file,jpg
113,114,file,jpg
114,115,file,jpg
115,116,file,jpg
116,117,file,jpg
117,118,file,jpg
118,119,file,jpg
119,120,file,jpg
120,121,file,jpg
121,122,file,jpg
122,123,file,jpg
123,124,file,jpg
124,125,file,jpg
125,126,file,jpg
126,127,file,jpg
127,128,file,jpg
128,129,file,jpg
129,130,file,jpg
130,131,file,jpg
131,132,file,jpg
132,133,file,jpg
133,134,file,jpg
134,135,file,jpg
135,136,file,jpg
136,137,file,jpg
137,138,file,jpg
138,139,file,jpg
139,140,file,jpg
140,141,file,jpg
141,142,file,jpg
142,143,file,jpg
143,144,file,jpg
144,145,file,jpg
145,146,file,jpg
146,147,file,pcd
147,148,file,pcd
148,149,file,pcd
149,150,file,pcd
150,151,file,pcd
151,152,file,pcd
152,153,file,pcd
153,154,file,pcd
154,155,file,pcd
155,156,file,pcd
156,157,file,pcd
157,158,file,pcd
158,159,file,pcd
159,160,file,pcd
160,161,file,pcd
161,162,file,pcd
162,163,file,pcd
163,164,file,pcd
164,165,file,pcd
165,166,file,pcd
166,167,file,pcd
167,168,file,pcd
168,169,file,pcd
169,170,file,pcd
170,171,file,pcd
171,172,file,pcd
172,173,file,pcd
173,174,file,pcd
174,175,file,pcd
175,176,file,pcd
176,177,file,pcd
177,178,file,pcd
178,179,file,pcd
179,180,file,pcd
180,181,file,pcd
181,182,file,pcd
182,183,file,pcd
183,184,file,pcd
184,185,file,pcd
185,186,file,pcd
186,187,file,pcd
187,188,file,pcd
188,189,file,pcd
189,190,file,pcd
190,191,file,pcd
191,192,file,pcd
192,193,file,pcd
193,194,file,pcd
194,195,file,pcd
195,196,file,pcd
196,197,file,jpg
197,198,file,jpg
198,199,file,jpg
199,200,file,jpg
200,201,file,jpg
201,202,file,jpg
202,203,file,jpg
203,204,file,jpg
204,205,file,jpg
205,206,file,jpg
206,207,file,jpg
207,208,file,jpg
208,209,file,jpg
209,210,file,jpg
210,211,file,jpg
211,212,file,jpg
212,213,file,jpg
213,214,file,jpg
214,215,file,jpg
215,216,file,jpg
216,217,file,jpg
217,218,file,jpg
218,219,file,jpg
219,220,file,jpg
220,221,file,jpg
221,222,file,jpg
222,223,file,jpg
223,224,file,jpg
224,225,file,jpg
225,226,file,jpg
226,227,file,jpg
227,228,file,jpg
228,229,file,jpg
229,230,file,jpg
230,231,file,jpg
231,232,file,jpg
232,233,file,jpg
233,234,file,jpg
234,235,file,jpg
235,236,file,jpg
236,237,file,jpg
237,238,file,jpg
238,239,file,jpg
239,240,file,jpg
240,241,file,jpg
241,242,file,jpg
242,243,file,jpg
243,244,file,jpg
244,245,file,jpg
245,842,file,jpg
246,843,file,jpg
247,844,file,jpg
248,845,file,jpg
249,846,file,jpg
250,847,file,jpg
251,848,file,jpg
252,849,file,jpg
253,850,file,jpg
254,851,file,jpg
255,852,file,jpg
256,853,file,jpg
257,854,file,jpg
258,855,file,jpg
259,856,file,jpg
260,857,file,jpg
261,858,file,jpg
262,859,file,jpg
263,860,file,jpg
264,861,file,jpg
265,862,file,jpg
266,863,file,jpg
267,864,file,jpg
268,865,file,jpg
269,866,file,jpg
270,867,file,jpg
271,868,file,jpg
272,869,file,jpg
273,870,file,jpg
274,871,file,jpg
275,872,file,jpg
276,873,file,jpg
277,874,file,jpg
278,875,file,jpg
279,876,file,jpg
280,877,file,jpg
281,878,file,jpg
282,879,file,jpg
283,880,file,jpg
284,881,file,jpg
285,882,file,jpg
286,883,file,jpg
287,884,file,jpg
288,885,file,jpg
289,886,file,jpg
290,887,file,jpg
291,888,file,jpg
292,889,file,jpg
293,890,file,jpg
294,891,file,jpg
295,892,file,jpg
296,893,file,jpg
297,894,file,jpg
298,895,file,jpg
299,896,file,jpg
300,897,file,jpg
301,898,file,jpg
302,899,file,jpg
303,900,file,jpg
304,901,file,jpg
305,902,file,jpg
306,903,file,jpg
307,904,file,jpg
308,905,file,jpg
309,906,file,jpg
310,907,file,jpg
311,908,file,jpg
312,909,file,jpg
313,910,file,jpg
314,911,file,jpg
315,912,file,jpg
316,913,file,jpg
317,914,file,jpg
318,915,file,jpg
319,916,file,jpg
320,917,file,jpg
321,918,file,jpg
322,919,file,jpg
323,920,file,jpg
324,921,file,jpg
325,922,file,jpg
326,923,file,jpg
327,924,file,jpg
328,925,file,jpg
329,926,file,jpg
330,927,file,jpg
331,928,file,jpg
332,929,file,jpg
333,930,file,jpg
334,931,file,jpg
335,932,file,jpg
336,933,file,jpg
337,934,file,jpg
338,935,file,jpg
339,936,file,jpg
340,937,file,jpg
341,938,file,jpg
342,939,file,jpg
343,940,file,jpg
344,941,file,jpg
345,1438,file,jpg
346,1439,file,jpg
347,1440,file,jpg
348,1441,file,jpg
349,1442,file,jpg
350,1443,file,jpg
351,1444,file,jpg
352,1445,file,jpg
353,1446,file,jpg
354,1447,file,jpg
355,1448,file,jpg
356,1449,file,jpg
357,1450,file,jpg
358,1451,file,jpg
359,1452,file,jpg
360,1453,file,jpg
361,1454,file,jpg
362,1455,file,jpg
363,1456,file,jpg
364,1457,file,jpg
365,1458,file,jpg
366,1459,file,jpg
367,1460,file,jpg
368,1461,file,jpg
369,1462,file,jpg
370,1463,file,jpg
371,1464,file,jpg
372,1465,file,jpg
373,1466,file,jpg
374,1467,file,jpg
375,1468,file,jpg
376,1469,file,jpg
377,1470,file,jpg
378,1471,file,jpg
379,1472,file,jpg
380,1473,file,jpg
381,1474,file,jpg
382,1475,file,jpg
383,1476,file,jpg
384,1477,file,jpg
385,1478,file,jpg
386,1479,file,jpg
387,1480,file,jpg
388,1481,file,jpg
389,1482,file,jpg
390,1483,file,jpg
391,1484,file,jpg
392,1485,file,jpg
393,1486,file,jpg
394,1487,file,jpg
395,1488,file,jpg
396,1489,file,jpg
397,1490,file,jpg
398,1491,file,jpg
399,1492,file,jpg
400,1493,file,jpg
401,1494,file,jpg
402,1495,file,jpg
403,1496,file,jpg
404,1497,file,jpg
405,1498,file,jpg
406,1499,file,jpg
407,1500,file,jpg
408,1501,file,jpg
409,1502,file,jpg
410,1503,file,jpg
411,1504,file,jpg
412,1505,file,jpg
413,1506,file,jpg
414,1507,file,jpg
415,1508,file,jpg
416,1509,file,jpg
417,1510,file,jpg
418,1511,file,jpg
419,1512,file,jpg
420,1513,file,jpg
421,1514,file,jpg
422,1515,file,jpg
423,1516,file,jpg
424,1517,file,jpg
425,1518,file,jpg
426,1519,file,jpg
427,1520,file,jpg
428,1521,file,jpg
429,1522,file,jpg
430,1523,file,jpg
431,1524,file,jpg
432,1525,file,jpg
433,1526,file,jpg
434,1527,file,jpg
435,1528,file,jpg
436,1529,file,jpg
437,1530,file,jpg
438,1531,file,jpg
439,1532,file,jpg
440,1533,file,jpg
441,1534,file,jpg
442,1535,file,jpg
443,1536,file,jpg
444,1537,file,jpg
445,1538,file,pcd
446,1539,file,pcd
447,1540,file,pcd
448,1541,file,pcd
449,1542,file,pcd
450,1543,file,pcd
451,1544,file,pcd
452,1545,file,pcd
453,1546,file,pcd
454,1547,file,pcd
455,1548,file,pcd
456,1549,file,pcd
457,1550,file,pcd
458,1551,file,pcd
459,1552,file,pcd
460,1553,file,pcd
461,1554,file,pcd
462,1555,file,pcd
463,1556,file,pcd
464,1557,file,pcd
465,1558,file,pcd
466,1559,file,pcd
467,1560,file,pcd
468,1561,file,pcd
469,1562,file,pcd
470,1563,file,pcd
471,1564,file,pcd
472,1565,file,pcd
473,1566,file,pcd
474,1567,file,pcd
475,1568,file,pcd
476,1569,file,pcd
477,1570,file,pcd
478,1571,file,pcd
479,1572,file,pcd
480,1573,file,pcd
481,1574,file,pcd
482,1575,file,pcd
483,1576,file,pcd
484,1577,file,pcd
485,1578,file,pcd
486,1579,file,pcd
487,1580,file,pcd
488,1581,file,pcd
489,1582,file,pcd
490,1583,file,jpg
491,1584,file,jpg
492,1585,file,jpg
493,1586,file,jpg
494,1587,file,jpg
495,1588,file,jpg
496,1589,file,jpg
497,1590,file,jpg
498,1591,file,jpg
499,1592,file,jpg
500,1593,file,jpg
501,1594,file,jpg
502,1595,file,jpg
503,1596,file,jpg
504,1597,file,jpg
505,1598,file,jpg
506,1599,file,jpg
507,1600,file,jpg
508,1601,file,jpg
509,1602,file,jpg
510,1603,file,jpg
511,1604,file,jpg
512,1605,file,jpg
513,1606,file,jpg
514,1607,file,jpg
515,1608,file,jpg
516,1609,file,jpg
517,1610,file,jpg
518,1611,file,jpg
519,1612,file,jpg
520,1613,file,jpg
521,1614,file,jpg
522,1615,file,jpg
523,1616,file,jpg
524,1617,file,jpg
525,1618,file,jpg
526,1619,file,jpg
527,1620,file,jpg
528,1621,file,jpg
529,1622,file,jpg
530,1623,file,jpg
531,1624,file,jpg
532,1625,file,jpg
533,1626,file,jpg
534,1627,file,jpg
535,1628,file,jpg
536,1629,file,jpg
537,1630,file,jpg
538,1631,file,jpg
539,1632,file,jpg
540,1633,file,pcd
541,1634,file,pcd
542,1635,file,pcd
543,1636,file,pcd
544,1637,file,pcd
545,1638,file,pcd
546,1639,file,pcd
547,1640,file,pcd
548,1641,file,pcd
549,1642,file,pcd
550,1643,file,pcd
551,1644,file,pcd
552,1645,file,pcd
553,1646,file,pcd
554,1647,file,pcd
555,1648,file,pcd
556,1649,file,pcd
557,1650,file,pcd
558,1651,file,pcd
559,1652,file,pcd
560,1653,file,pcd
561,1654,file,pcd
562,1655,file,pcd
563,1656,file,pcd
564,1657,file,pcd
565,1658,file,pcd
566,1659,file,pcd
567,1660,file,pcd
568,1661,file,pcd
569,1662,file,pcd
570,1663,file,pcd
571,1664,file,pcd
572,1665,file,pcd
573,1666,file,pcd
574,1667,file,pcd
575,1668,file,pcd
576,1669,file,pcd
577,1670,file,pcd
578,1671,file,pcd
579,1672,file,pcd
580,1673,file,pcd
581,1674,file,pcd
582,1675,file,pcd
583,1676,file,pcd
584,1677,file,pcd
585,1678,file,pcd
586,1679,file,pcd
587,1680,file,pcd
588,1681,file,pcd
589,1682,file,pcd
590,1683,file,jpg
591,1684,file,jpg
592,1685,file,jpg
593,1686,file,jpg
594,1687,file,jpg
595,1688,file,jpg
596,1689,file,jpg
597,1690,file,jpg
598,1691,file,jpg
599,1692,file,jpg
600,1693,file,jpg
601,1694,file,jpg
602,1695,file,jpg
603,1696,file,jpg
604,1697,file,jpg
605,1698,file,jpg
606,1699,file,jpg
607,1700,file,jpg
608,1701,file,jpg
609,1702,file,jpg
610,1703,file,jpg
611,1704,file,jpg
612,1705,file,jpg
613,1706,file,jpg
614,1707,file,jpg
615,1708,file,jpg
616,1709,file,jpg
617,1710,file,jpg
618,1711,file,jpg
619,1712,file,jpg
620,1713,file,jpg
621,1714,file,jpg
622,1715,file,jpg
623,1716,file,jpg
624,1717,file,jpg
625,1718,file,jpg
626,1719,file,jpg
627,1720,file,jpg
628,1721,file,jpg
629,1722,file,jpg
630,1723,file,jpg
631,1724,file,jpg
632,1725,file,jpg
633,1726,file,jpg
634,1727,file,jpg
635,1728,file,jpg
636,1729,file,jpg
637,1730,file,jpg
638,1731,file,jpg
639,1732,file,jpg
640,1733,file,jpg
641,1734,file,jpg
642,1735,file,jpg
643,1736,file,jpg
644,1737,file,jpg
645,1738,file,jpg
646,1739,file,jpg
647,1740,file,jpg
648,1741,file,jpg
649,1742,file,jpg
650,1743,file,jpg
651,1744,file,jpg
652,1745,file,jpg
653,1746,file,jpg
654,1747,file,jpg
655,1748,file,jpg
656,1749,file,jpg
657,1750,file,jpg
658,1751,file,jpg
659,1752,file,jpg
660,1753,file,jpg
661,1754,file,jpg
662,1755,file,jpg
663,1756,file,jpg
664,1757,file,jpg
665,1758,file,jpg
666,1759,file,jpg
667,1760,file,jpg
668,1761,file,jpg
669,1762,file,jpg
670,1763,file,jpg
671,1764,file,jpg
672,1765,file,jpg
673,1766,file,jpg
674,1767,file,jpg
675,1768,file,jpg
676,1769,file,jpg
677,1770,file,jpg
678,1771,file,jpg
679,1772,file,jpg
680,1773,file,jpg
681,1774,file,jpg
682,1775,file,jpg
683,1776,file,jpg
684,1777,file,jpg
685,1778,file,jpg
686,1779,file,jpg
687,1780,file,jpg
688,1781,file,jpg
689,1782,file,pcd
690,1783,file,pcd
691,1784,file,pcd
692,1785,file,pcd
693,1786,file,pcd
694,1787,file,pcd
695,1788,file,pcd
696,1789,file,pcd
697,1790,file,pcd
698,1791,file,pcd
699,1792,file,pcd
700,1793,file,pcd
701,1794,file,pcd
702,1795,file,pcd
703,1796,file,pcd
704,1797,file,pcd
705,1798,file,pcd
706,1799,file,pcd
707,1800,file,pcd
708,1801,file,pcd
709,1802,file,pcd
710,1803,file,pcd
711,1804,file,pcd
712,1805,file,pcd
713,1806,file,pcd
714,1807,file,pcd
715,1808,file,pcd
716,1809,file,pcd
717,1810,file,pcd
718,1811,file,pcd
719,1812,file,pcd
720,1813,file,pcd
721,1814,file,pcd
722,1815,file,pcd
723,1816,file,pcd
724,1817,file,pcd
725,1818,file,pcd
726,1819,file,pcd
727,1820,file,pcd
728,1821,file,pcd
729,1822,file,pcd
730,1823,file,pcd
731,1824,file,pcd
732,1825,file,pcd
733,1826,file,pcd
734,1827,file,pcd
735,1828,file,pcd
736,1829,file,pcd
737,1830,file,pcd
738,1930,file,jpg
739,1931,file,jpg
740,1932,file,jpg
741,1933,file,jpg
742,1934,file,jpg
743,1935,file,jpg
744,1936,file,jpg
745,1937,file,jpg
746,1938,file,jpg
747,1939,file,jpg
748,1940,file,jpg
749,1941,file,jpg
750,1942,file,jpg
751,1943,file,jpg
752,1944,file,jpg
753,1945,file,jpg
754,1946,file,jpg
755,1947,file,jpg
756,1948,file,jpg
757,1949,file,jpg
758,1950,file,jpg
759,1951,file,jpg
760,1952,file,jpg
761,1953,file,jpg
762,1954,file,jpg
763,1955,file,jpg
764,1956,file,jpg
765,1957,file,jpg
766,1958,file,jpg
767,1959,file,jpg
768,1960,file,jpg
769,1961,file,jpg
770,1962,file,jpg
771,1963,file,jpg
772,1964,file,jpg
773,1965,file,jpg
774,1966,file,jpg
775,1967,file,jpg
776,1968,file,jpg
777,1969,file,jpg
778,1970,file,jpg
779,1971,file,jpg
780,1972,file,jpg
781,1973,file,jpg
782,1974,file,jpg
783,1975,file,jpg
784,1976,file,jpg
785,1977,file,jpg
786,1978,file,jpg
787,2107,file,jpg
788,2108,file,jpg
789,2109,file,jpg
790,2110,file,jpg
791,2111,file,jpg
792,2112,file,jpg
793,2113,file,jpg
794,2114,file,jpg
795,2115,file,jpg
796,2116,file,jpg
797,2117,file,jpg
798,2118,file,jpg
799,2119,file,jpg
800,2120,file,jpg
801,2121,file,jpg
802,2122,file,jpg
803,2123,file,jpg
804,2124,file,jpg
805,2125,file,jpg
806,2126,file,jpg
807,2127,file,jpg
808,2128,file,jpg
809,2129,file,jpg
810,2130,file,jpg
811,2131,file,jpg
812,2132,file,jpg
813,2133,file,jpg
814,2134,file,jpg
815,2135,file,jpg
816,2136,file,jpg
817,2137,file,jpg
818,2138,file,jpg
819,2139,file,jpg
820,2140,file,jpg
821,2141,file,jpg
822,2142,file,jpg
823,2143,file,jpg
824,2144,file,jpg
825,2145,file,jpg
826,2146,file,jpg
827,2147,file,jpg
828,2148,file,jpg
829,2149,file,jpg
830,2150,file,jpg
831,2151,file,jpg
832,2152,file,jpg
833,2153,file,jpg
834,2154,file,jpg
835,2155,file,jpg
836,2156,file,jpg
837,2157,file,jpg
838,2158,file,jpg
839,2159,file,jpg
840,2160,file,jpg
841,2161,file,jpg
842,2162,file,jpg
843,2163,file,jpg
844,2164,file,jpg
845,2165,file,jpg
846,2166,file,jpg
847,2167,file,jpg
848,2168,file,jpg
849,2169,file,jpg
850,2170,file,jpg
851,2171,file,jpg
852,2172,file,jpg
853,2302,file,jpg
854,2303,file,jpg
855,2304,file,jpg
856,2305,file,jpg
857,2306,file,jpg
858,2307,file,jpg
859,2308,file,jpg
860,2309,file,jpg
861,2310,file,jpg
862,2311,file,jpg
863,2312,file,jpg
864,2313,file,jpg
865,2314,file,jpg
866,2315,file,jpg
867,2316,file,jpg
868,2317,file,jpg
869,2318,file,jpg
870,2319,file,jpg
871,2320,file,jpg
872,2321,file,jpg
873,2322,file,jpg
874,2323,file,jpg
875,2324,file,jpg
876,2325,file,jpg
877,2326,file,jpg
878,2327,file,jpg
879,2328,file,jpg
880,2329,file,jpg
881,2330,file,jpg
882,2331,file,jpg
883,2332,file,jpg
884,2333,file,jpg
885,2334,file,jpg
886,2335,file,jpg
887,2336,file,jpg
888,2337,file,jpg
889,2338,file,jpg
890,2339,file,jpg
891,2340,file,jpg
892,2341,file,jpg
893,2342,file,jpg
894,2343,file,jpg
895,2344,file,jpg
896,2345,file,jpg
897,2346,file,jpg
898,2347,file,jpg
899,2348,file,jpg
900,2349,file,jpg
901,2350,file,jpg
902,2351,file,jpg
903,2352,file,jpg
904,2353,file,jpg
905,2354,file,jpg
906,2355,file,jpg
907,2356,file,jpg
908,2357,file,jpg
909,2358,file,jpg
910,2359,file,jpg
911,2360,file,jpg
912,2361,file,jpg
913,2362,file,jpg
914,2363,file,jpg
915,2364,file,jpg
916,2365,file,pcd
917,2366,file,pcd
918,2367,file,pcd
919,2368,file,pcd
920,2369,file,pcd
921,2370,file,pcd
922,2371,file,pcd
923,2372,file,pcd
924,2373,file,pcd
925,2374,file,pcd
926,2375,file,pcd
927,2376,file,pcd
928,2377,file,pcd
929,2378,file,pcd
930,2379,file,pcd
931,2380,file,pcd
932,2381,file,pcd
933,2382,file,pcd
934,2383,file,pcd
935,2384,file,pcd
936,2385,file,pcd
937,2386,file,pcd
938,2387,file,pcd
939,2388,file,pcd
940,2389,file,pcd
941,2390,file,pcd
942,2391,file,pcd
943,2392,file,pcd
944,2393,file,pcd
945,2394,file,pcd
946,2395,file,pcd
947,2396,file,pcd
948,2397,file,pcd
949,2398,file,pcd
950,2399,file,pcd
951,2400,file,pcd
952,2401,file,pcd
953,2402,file,pcd
954,2403,file,pcd
955,2404,file,pcd
956,2405,file,pcd
957,2406,file,pcd
958,2407,file,pcd
959,2408,file,pcd
960,2409,file,pcd
961,2410,file,pcd
962,2411,file,pcd
963,2412,file,pcd
964,2413,file,pcd
965,2414,file,pcd
966,2415,file,pcd
967,2416,file,pcd
968,2417,file,pcd
969,2418,file,pcd
970,2419,file,pcd
971,2420,file,pcd
972,2421,file,pcd
973,2422,file,pcd
974,2423,file,pcd
975,2424,file,pcd
976,2425,file,pcd
977,2426,file,pcd
978,2427,file,pcd
979,2428,file,pcd
980,2429,file,pcd
981,2430,file,pcd
982,2431,file,pcd
983,2432,file,jpg
984,2433,file,jpg
985,2434,file,jpg
986,2435,file,jpg
987,2436,file,jpg
988,2437,file,jpg
989,2438,file,jpg
990,2439,file,jpg
991,2440,file,jpg
992,2441,file,jpg
993,2442,file,jpg
994,2443,file,jpg
995,2444,file,jpg
996,2445,file,jpg
997,2446,file,jpg
998,2447,file,jpg
999,2448,file,jpg
1000,2449,file,jpg
1001,2450,file,jpg
1002,2451,file,jpg
1003,2452,file,jpg
1004,2453,file,jpg
1005,2454,file,jpg
1006,2455,file,jpg
1007,2456,file,jpg
1008,2457,file,jpg
1009,2458,file,jpg
1010,2459,file,jpg
1011,2460,file,jpg
1012,2461,file,jpg
1013,2462,file,jpg
1014,2463,file,jpg
1015,2464,file,jpg
1016,2465,file,jpg
1017,2466,file,jpg
1018,2467,file,jpg
1019,2468,file,jpg
1020,2469,file,jpg
1021,2470,file,jpg
1022,2471,file,jpg
1023,2472,file,jpg
1024,2473,file,jpg
1025,2474,file,jpg
1026,2475,file,jpg
1027,2476,file,jpg
1028,2477,file,jpg
1029,2478,file,jpg
1030,2479,file,jpg
1031,2480,file,jpg
1032,2481,file,jpg
1033,2482,file,jpg
1034,2483,file,jpg
1035,2484,file,jpg
1036,2485,file,jpg
1037,2486,file,jpg
1038,2487,file,jpg
1039,2488,file,jpg
1040,2489,file,jpg
1041,2490,file,jpg
1042,2491,file,jpg
1043,2492,file,jpg
1044,2493,file,jpg
1045,2494,file,jpg
1046,2495,file,jpg
1047,2496,file,jpg
1048,2497,file,jpg
1049,2498,file,jpg
1050,2499,file,jpg
1051,2500,file,jpg
1052,2501,file,jpg
1053,2502,file,jpg
1054,2503,file,jpg
1055,2504,file,jpg
1056,2505,file,jpg
1057,2506,file,jpg
1058,2507,file,jpg
1059,2508,file,jpg
1060,2509,file,jpg
1061,2510,file,jpg
1062,2511,file,jpg
1063,2512,file,jpg
1064,2513,file,jpg
1065,2514,file,jpg
1066,2515,file,jpg
1067,2516,file,jpg
1068,2517,file,jpg
1069,2518,file,jpg
1070,2519,file,jpg
1071,2520,file,jpg
1072,2521,file,jpg
1073,2522,file,jpg
1074,2523,file,jpg
1075,2524,file,jpg
1076,2525,file,jpg
1077,2526,file,jpg
1078,2527,file,jpg
1079,2528,file,jpg
1080,2529,file,jpg
1081,2530,file,jpg
1082,2531,file,jpg
1083,2532,file,jpg
1084,2533,file,jpg
1085,2534,file,jpg
1086,2535,file,jpg
1087,2536,file,jpg
1088,2537,file,jpg
1089,2538,file,jpg
1090,2539,file,jpg
1091,2540,file,jpg
1092,2541,file,jpg
1093,2542,file,jpg
1094,2543,file,jpg
1095,2544,file,jpg
1096,2545,file,jpg
1097,2546,file,jpg
1098,2547,file,jpg
1099,2548,file,jpg
1100,2549,file,jpg
1101,2550,file,jpg
1102,2551,file,jpg
1103,2552,file,jpg
1104,2553,file,jpg
1105,2554,file,jpg
1106,2555,file,jpg
1107,2556,file,jpg
1108,2557,file,jpg
1109,2558,file,jpg
1110,2559,file,jpg
1111,2560,file,jpg
1112,2561,file,jpg
1113,2562,file,jpg
1114,2563,file,jpg
1115,2564,file,jpg
1116,2565,file,jpg
1117,2566,file,jpg
1118,2567,file,jpg
1119,2568,file,jpg
1120,2569,file,jpg
1121,2570,file,jpg
1122,2571,file,jpg
1123,2572,file,jpg
1124,2573,file,jpg
1125,2574,file,jpg
1126,2575,file,jpg
1127,2576,file,jpg
1128,2577,file,jpg
1129,2578,file,jpg
1130,2579,file,jpg
1131,2580,file,jpg
1132,2581,file,jpg
1133,2582,file,jpg
1134,2583,file,jpg
1135,2584,file,jpg
1136,2585,file,jpg
1137,2586,file,jpg
1138,2587,file,jpg
1139,2588,file,jpg
1140,2589,file,jpg
1141,2590,file,jpg
1142,2591,file,jpg
1143,2592,file,jpg
1144,2593,file,jpg
1145,2594,file,jpg
1146,2595,file,jpg
1147,2596,file,jpg
1148,2597,file,jpg
1149,2598,file,jpg
1150,2599,file,jpg
1151,2600,file,jpg
1152,2601,file,jpg
1153,2602,file,jpg
1154,2603,file,jpg
1155,2604,file,jpg
1156,2605,file,jpg
1157,2606,file,jpg
1158,2607,file,jpg
1159,2608,file,jpg
1160,2609,file,jpg
1161,2610,file,jpg
1162,2611,file,jpg
1163,2612,file,jpg
1164,2613,file,jpg
1165,2614,file,jpg
1166,2615,file,jpg
1167,2616,file,jpg
1168,2617,file,jpg
1169,2618,file,jpg
1170,2619,file,jpg
1171,2620,file,jpg
1172,2621,file,jpg
1173,2622,file,jpg
1174,2623,file,jpg
1175,2624,file,jpg
1176,2625,file,jpg
1177,2626,file,jpg
1178,2627,file,jpg
1179,2628,file,jpg
1180,2629,file,jpg
1181,2630,file,jpg
1182,2631,file,jpg
1183,2632,file,jpg
1184,2633,file,jpg
1185,2634,file,jpg
1186,2635,file,jpg
1187,2636,file,jpg
1188,2637,file,jpg
1189,2638,file,jpg
1190,2639,file,jpg
1191,2640,file,jpg
1192,2641,file,jpg
1193,2642,file,jpg
1194,2643,file,jpg
1195,2644,file,jpg
1196,2645,file,jpg
1197,2646,file,jpg
1198,2647,file,jpg
1199,2648,file,jpg
1200,2649,file,jpg
1201,2650,file,jpg
1202,2651,file,jpg
1203,2652,file,jpg
1204,2653,file,jpg
1205,2654,file,jpg
1206,2655,file,jpg
1207,2656,file,jpg
1208,2657,file,jpg
1209,2658,file,jpg
1210,2659,file,jpg
1211,2660,file,jpg
1212,2661,file,jpg
1213,2662,file,jpg
1214,2663,file,jpg
1215,2664,file,jpg
1216,2665,file,jpg
1217,2666,file,jpg
1218,2667,file,jpg
1219,2668,file,jpg
1220,2669,file,jpg
1221,2670,file,jpg
1222,2671,file,jpg
1223,2672,file,jpg
1224,2673,file,jpg
1225,2674,file,jpg
1226,2675,file,jpg
1227,2676,file,jpg
1228,2677,file,jpg
1229,2678,file,jpg
1230,2679,file,jpg
1231,2680,file,jpg
1232,2681,file,jpg
1233,2682,file,jpg
1234,2683,file,jpg
1235,2684,file,jpg
1236,2685,file,jpg
1237,2686,file,jpg
1238,2687,file,jpg
1239,2688,file,jpg
1240,2689,file,jpg
1241,2690,file,jpg
1242,2691,file,jpg
1243,3361,file,jpg
1244,3362,file,jpg
1245,3363,file,jpg
1246,3364,file,jpg
1247,3365,file,jpg
1248,3366,file,jpg
1249,3367,file,jpg
1250,3368,file,jpg
1251,3369,file,jpg
1252,3370,file,jpg
1253,3371,file,jpg
1254,3372,file,jpg
1255,3373,file,jpg
1256,3374,file,jpg
1257,3375,file,jpg
1258,3376,file,jpg
1259,3377,file,jpg
1260,3378,file,jpg
1261,3379,file,jpg
1262,3380,file,jpg
1263,3381,file,jpg
1264,3382,file,jpg
1265,3383,file,jpg
1266,3384,file,jpg
1267,3385,file,jpg
1268,3386,file,jpg
1269,3387,file,jpg
1270,3388,file,jpg
1271,3389,file,jpg
1272,3390,file,jpg
1273,3391,file,jpg
1274,3392,file,jpg
1275,3393,file,jpg
1276,3394,file,jpg
1277,3395,file,jpg
1278,3396,file,jpg
1279,3397,file,jpg
1280,3398,file,jpg
1281,3399,file,jpg
1282,3400,file,jpg
1283,3401,file,jpg
1284,3402,file,jpg
1285,3403,file,jpg
1286,3404,file,jpg
1287,3405,file,jpg
1288,3406,file,jpg
1289,3407,file,jpg
1290,3408,file,jpg
1291,3409,file,jpg
1292,3410,file,jpg
1293,3411,file,jpg
1294,3412,file,jpg
1295,3413,file,jpg
1296,3414,file,jpg
1297,3415,file,jpg
1298,3416,file,jpg
1299,3417,file,jpg
1300,3418,file,jpg
1301,3419,file,jpg
1302,3420,file,jpg
1303,3421,file,jpg
1304,3422,file,pcd
1305,3423,file,pcd
1306,3424,file,pcd
1307,3425,file,pcd
1308,3426,file,pcd
1309,3427,file,pcd
1310,3428,file,pcd
1311,3429,file,pcd
1312,3430,file,pcd
1313,3431,file,pcd
1314,3432,file,pcd
1315,3433,file,pcd
1316,3434,file,pcd
1317,3435,file,pcd
1318,3436,file,pcd
1319,3437,file,pcd
1320,3438,file,pcd
1321,3439,file,pcd
1322,3440,file,pcd
1323,3441,file,pcd
1324,3442,file,pcd
1325,3443,file,pcd
1326,3444,file,pcd
1327,3445,file,pcd
1328,3446,file,pcd
1329,3447,file,pcd
1330,3448,file,pcd
1331,3449,file,pcd
1332,3450,file,pcd
1333,3451,file,pcd
1334,3452,file,pcd
1335,3453,file,pcd
1336,3454,file,pcd
1337,3455,file,pcd
1338,3456,file,pcd
1339,3457,file,pcd
1340,3458,file,pcd
1341,3459,file,pcd
1342,3460,file,pcd
1343,3461,file,pcd
1344,3462,file,pcd
1345,3463,file,pcd
1346,3464,file,pcd
1347,3465,file,pcd
1348,3466,file,pcd
1349,3467,file,pcd
1350,3468,file,pcd
1351,3469,file,pcd
1352,3470,file,pcd
1353,3471,file,pcd
1354,3472,file,pcd
1355,3473,file,pcd
1356,3474,file,pcd
1357,3475,file,pcd
1358,3476,file,pcd
1359,3477,file,pcd
1360,3478,file,pcd
1361,3479,file,pcd
1362,3480,file,pcd
1363,3481,file,pcd
1364,3482,file,pcd
1365,3483,file,pcd
1366,3484,file,pcd
1367,3485,file,pcd
1368,3486,file,pcd
1369,3487,file,pcd
1370,3488,file,pcd
1371,3489,file,jpg
1372,3490,file,jpg
1373,3491,file,jpg
1374,3492,file,jpg
1375,3493,file,jpg
1376,3494,file,jpg
1377,3495,file,jpg
1378,3496,file,jpg
1379,3497,file,jpg
1380,3498,file,jpg
1381,3499,file,jpg
1382,3500,file,jpg
1383,3501,file,jpg
1384,3502,file,jpg
1385,3503,file,jpg
1386,3504,file,jpg
1387,3505,file,jpg
1388,3506,file,jpg
1389,3507,file,jpg
1390,3508,file,jpg
1391,3509,file,jpg
1392,3510,file,jpg
1393,3511,file,jpg
1394,3512,file,jpg
1395,3513,file,jpg
1396,3514,file,jpg
1397,3515,file,jpg
1398,3516,file,jpg
1399,3517,file,jpg
1400,3518,file,jpg
1401,3519,file,jpg
1402,3520,file,jpg
1403,3521,file,jpg
1404,3522,file,jpg
1405,3523,file,jpg
1406,3524,file,jpg
1407,3525,file,jpg
1408,3526,file,jpg
1409,3527,file,jpg
1410,3528,file,jpg
1411,3529,file,jpg
1412,3530,file,jpg
1413,3531,file,jpg
1414,3532,file,jpg
1415,3533,file,jpg
1416,3534,file,jpg
1417,3535,file,jpg
1418,3536,file,jpg
1419,3537,file,jpg
1420,3538,file,jpg
1421,3539,file,jpg
1422,3540,file,jpg
1423,3541,file,jpg
1424,3542,file,jpg
1425,3543,file,jpg
1426,3544,file,jpg
1427,3545,file,jpg
1428,3546,file,jpg
1429,3547,file,jpg
1430,3548,file,jpg
1431,3549,file,jpg
1432,3550,file,jpg
1433,3551,file,jpg
1434,3552,file,jpg
1435,3553,file,jpg
1436,3554,file,jpg
1437,3555,file,jpg
1438,3556,file,jpg
1439,3557,file,jpg
1440,3558,file,jpg
1441,3559,file,jpg
1442,3560,file,jpg
1443,3561,file,jpg
1444,3562,file,jpg
1445,3563,file,jpg
1446,3564,file,jpg
1447,3565,file,jpg
1448,3566,file,jpg
1449,3567,file,jpg
1450,3568,file,jpg
1451,3569,file,jpg
1452,3570,file,jpg
1453,3571,file,jpg
1454,3572,file,jpg
1455,3573,file,jpg
1456,3574,file,jpg
1457,3575,file,jpg
1458,3576,file,jpg
1459,3577,file,jpg
1460,3578,file,jpg
1461,3579,file,jpg
1462,3580,file,jpg
1463,3581,file,jpg
1464,3582,file,jpg
1465,3583,file,jpg
1466,3584,file,jpg
1467,3585,file,jpg
1468,3586,file,jpg
1469,3587,file,jpg
1470,3588,file,jpg
1471,3589,file,jpg
1472,3590,file,jpg
1473,3591,file,jpg
1474,3592,file,jpg
1475,3593,file,jpg
1476,3594,file,jpg
1477,3595,file,jpg
1478,3596,file,jpg
1479,3597,file,jpg
1480,3598,file,jpg
1481,3599,file,jpg
1482,3600,file,jpg
1483,3601,file,jpg
1484,3602,file,jpg
1485,3603,file,jpg
1486,3604,file,jpg
1487,3605,file,jpg
1488,3606,file,jpg
1489,3607,file,jpg
1490,3608,file,jpg
1491,3609,file,jpg
1492,3610,file,jpg
1493,3611,file,jpg
1494,3612,file,jpg
1495,3613,file,jpg
1496,3614,file,jpg
1497,3615,file,jpg
1498,3616,file,jpg
1499,3617,file,jpg
1500,3618,file,jpg
1501,3619,file,jpg
1502,3620,file,jpg
1503,3621,file,jpg
1504,4291,file,pcd
1505,4292,file,pcd
1506,4293,file,pcd
1507,4294,file,pcd
1508,4295,file,pcd
1509,4296,file,pcd
1510,4297,file,pcd
1511,4298,file,pcd
1512,4299,file,pcd
1513,4300,file,pcd
1514,4301,file,pcd
1515,4302,file,pcd
1516,4303,file,pcd
1517,4304,file,pcd
1518,4305,file,pcd
1519,4306,file,pcd
1520,4307,file,pcd
1521,4308,file,pcd
1522,4309,file,pcd
1523,4310,file,pcd
1524,4311,file,pcd
1525,4312,file,pcd
1526,4313,file,pcd
1527,4314,file,pcd
1528,4315,file,pcd
1529,4316,file,pcd
1530,4317,file,pcd
1531,4318,file,pcd
1532,4319,file,pcd
1533,4320,file,pcd
1534,4321,file,pcd
1535,4322,file,pcd
1536,4323,file,pcd
1537,4324,file,pcd
1538,4325,file,pcd
1539,4326,file,pcd
1540,4327,file,pcd
1541,4328,file,pcd
1542,4329,file,pcd
1543,4330,file,pcd
1544,4331,file,pcd
1545,4332,file,pcd
1546,4333,file,pcd
1547,4334,file,pcd
1548,4335,file,pcd
1549,4336,file,pcd
1550,4337,file,pcd
1551,4338,file,pcd
1552,4339,file,pcd
1553,4340,file,pcd
1554,4341,file,pcd
1555,4342,file,pcd
1556,4343,file,pcd
1557,4344,file,pcd
1558,4345,file,pcd
1559,4346,file,pcd
1560,4347,file,pcd
1561,4348,file,pcd
1562,4349,file,pcd
1563,4350,file,pcd
1564,4351,file,pcd
1565,4352,file,pcd
1566,4353,file,pcd
1567,4354,file,pcd
1568,4355,file,pcd
1569,4356,file,pcd
1570,4357,file,pcd
1571,4358,file,pcd
1572,4359,file,pcd
1573,4360,file,pcd
1574,4361,file,pcd
1575,4362,file,pcd
1576,4363,file,pcd
1577,4364,file,pcd
1578,4365,file,pcd
1579,4366,file,pcd
1580,4367,file,pcd
1581,4368,file,pcd
1582,4369,file,pcd
1583,4370,file,pcd
1584,4371,file,pcd
1585,4372,file,pcd
1586,4373,file,pcd
1587,4374,file,pcd
1588,4375,file,pcd
1589,4376,file,pcd
1590,4377,file,pcd
1591,4378,file,pcd
1592,4379,file,pcd
1593,4380,file,pcd
1594,4381,file,pcd
1595,4382,file,pcd
1596,4383,file,pcd
1597,4384,file,pcd
1598,4385,file,pcd
1599,4386,file,pcd
1600,4387,file,pcd
1601,4388,file,pcd
1602,4389,file,pcd
1603,4390,file,pcd
1604,4391,file,pcd
1605,4392,file,pcd
1606,4393,file,pcd
1607,4394,file,pcd
1608,4395,file,pcd
1609,4396,file,pcd
1610,4397,file,pcd
1611,4398,file,pcd
1612,4399,file,pcd
1613,4400,file,pcd
1614,4401,file,pcd
1615,4402,file,pcd
1616,4403,file,pcd
1617,4404,file,pcd
1618,4405,file,pcd
1619,4406,file,pcd
1620,4407,file,pcd
1621,4408,file,pcd
1622,4409,file,pcd
1623,4410,file,pcd
1624,4411,file,pcd
1625,4412,file,pcd
1626,4413,file,pcd
1627,4414,file,pcd
1628,4415,file,pcd
1629,4416,file,pcd
1630,4417,file,pcd
1631,4418,file,pcd
1632,4419,file,jpg
1633,4420,file,jpg
1634,4421,file,jpg
1635,4422,file,jpg
1636,4423,file,jpg
1637,4424,file,jpg
1638,4425,file,jpg
1639,4426,file,jpg
1640,4427,file,jpg
1641,4428,file,jpg
1642,4429,file,jpg
1643,4430,file,jpg
1644,4431,file,jpg
1645,4432,file,jpg
1646,4433,file,jpg
1647,4434,file,jpg
1648,4435,file,jpg
1649,4436,file,jpg
1650,4437,file,jpg
1651,4438,file,jpg
1652,4439,file,jpg
1653,4440,file,jpg
1654,4441,file,jpg
1655,4442,file,jpg
1656,4443,file,jpg
1657,4444,file,jpg
1658,4445,file,jpg
1659,4446,file,jpg
1660,4447,file,jpg
1661,4448,file,jpg
1662,4449,file,jpg
1663,4450,file,jpg
1664,4451,file,jpg
1665,4452,file,jpg
1666,4453,file,jpg
1667,4454,file,jpg
1668,4455,file,jpg
1669,4456,file,jpg
1670,4457,file,jpg
1671,4458,file,jpg
1672,4459,file,jpg
1673,4460,file,jpg
1674,4461,file,jpg
1675,4462,file,jpg
1676,4463,file,jpg
1677,4464,file,jpg
1678,4465,file,jpg
1679,4466,file,jpg
1680,4467,file,jpg
1681,4468,file,jpg
1682,4469,file,jpg
1683,4470,file,jpg
1684,4471,file,jpg
1685,4472,file,jpg
1686,4473,file,jpg
1687,4474,file,jpg
1688,4475,file,jpg
1689,4476,file,jpg
1690,4477,file,jpg
1691,4478,file,jpg
1692,4479,file,jpg
1693,4480,file,jpg
1694,4481,file,jpg
1695,4482,file,jpg
1696,4483,file,jpg
1697,4484,file,jpg
1698,4485,file,jpg
1699,4486,file,jpg
1700,4487,file,jpg
1701,4488,file,jpg
1702,4489,file,jpg
1703,4490,file,jpg
1704,4491,file,jpg
1705,4492,file,jpg
1706,4493,file,jpg
1707,4494,file,jpg
1708,4495,file,jpg
1709,4496,file,jpg
1710,4497,file,jpg
1711,4498,file,jpg
1712,4499,file,jpg
1713,4500,file,jpg
1714,4501,file,jpg
1715,4502,file,jpg
1716,4503,file,jpg
1717,4504,file,jpg
1718,4505,file,jpg
1719,4506,file,jpg
1720,4507,file,jpg
1721,4508,file,jpg
1722,4509,file,jpg
1723,4510,file,jpg
1724,4511,file,jpg
1725,4512,file,jpg
1726,4513,file,jpg
1727,4514,file,jpg
1728,4515,file,jpg
1729,4516,file,jpg
1730,4517,file,jpg
1731,4518,file,jpg
1732,4519,file,jpg
1733,4520,file,jpg
1734,4521,file,jpg
1735,4522,file,jpg
1736,4523,file,jpg
1737,4524,file,jpg
1738,4525,file,jpg
1739,4526,file,jpg
1740,4527,file,jpg
1741,4528,file,jpg
1742,4529,file,jpg
1743,4530,file,jpg
1744,4531,file,jpg
1745,4532,file,jpg
1746,4533,file,jpg
1747,4534,file,jpg
1748,4535,file,jpg
1749,4536,file,jpg
1750,4537,file,jpg
1751,4538,file,jpg
1752,4539,file,jpg
1753,4540,file,jpg
1754,4541,file,jpg
1755,4542,file,jpg
1756,4543,file,jpg
1757,4544,file,jpg
1758,4545,file,jpg
1759,4546,file,jpg
1760,4547,file,jpg
1761,4548,file,jpg
1762,4549,file,jpg
1763,4550,file,jpg
1764,4551,file,jpg
1765,4552,file,jpg
1766,4553,file,jpg
1767,4554,file,jpg
1768,4555,file,jpg
1769,4556,file,jpg
1770,4557,file,jpg
1771,4558,file,jpg
1772,4559,file,jpg
1773,4560,file,jpg
1774,4561,file,jpg
1775,4562,file,jpg
1776,4563,file,jpg
1777,4564,file,jpg
1778,4565,file,jpg
1779,4566,file,jpg
1780,4567,file,jpg
1781,4568,file,jpg
1782,4569,file,jpg
1783,4570,file,jpg
1784,4571,file,jpg
1785,4572,file,jpg
1786,4573,file,jpg
1787,4574,file,jpg
1788,4575,file,jpg
1789,4576,file,jpg
1790,4577,file,jpg
1791,4578,file,jpg
1792,4579,file,jpg
1793,4580,file,jpg
1794,4581,file,jpg
1795,4582,file,jpg
1796,4583,file,jpg
1797,4584,file,jpg
1798,4585,file,jpg
1799,4586,file,jpg
1800,4587,file,jpg
1801,4588,file,jpg
1802,4589,file,jpg
1803,4590,file,jpg
1804,4591,file,jpg
1805,4592,file,jpg
1806,4593,file,jpg
1807,4594,file,jpg
1808,4595,file,jpg
1809,4596,file,jpg
1810,4597,file,jpg
1811,4598,file,jpg
1812,4599,file,jpg
1813,4600,file,jpg
1814,4601,file,jpg
1815,4602,file,jpg
1816,4603,file,jpg
1817,4604,file,jpg
1818,4605,file,jpg
1819,4606,file,jpg
1820,4607,file,jpg
1821,4608,file,jpg
1822,4609,file,jpg
1823,4610,file,jpg
1824,4611,file,jpg
1825,4612,file,jpg
1826,4613,file,jpg
1827,4614,file,jpg
1828,4615,file,jpg
1829,4616,file,jpg
1830,4617,file,jpg
1831,4618,file,jpg
